id,author,created_utc,score,upvote_ratio
10v7dxs,theindependentonline,2023-02-06 14:03:52,9537,0.95
10v59z2,FFFFFM,2023-02-06 12:21:41,24483,0.91
10vaoqd,CBSnews,2023-02-06 16:20:29,2563,0.99
10v4kyk,progress18,2023-02-06 11:43:56,2732,0.98
10v428g,Fr1sk3r,2023-02-06 11:12:45,2602,0.97
10v8zva,thenewrepublic,2023-02-06 15:12:36,1197,0.97
10va5ag,shellystarzz,2023-02-06 15:59:41,897,0.97
10uugxc,NamelessIguana,2023-02-06 1:58:02,22066,0.97
10v53i4,newnemo,2023-02-06 12:12:15,1518,0.98
10v8t6s,poop_scallions,2023-02-06 15:04:48,884,0.96
10vb2ps,EmBejarano,2023-02-06 16:35:50,603,0.98
10uqif4,Drinkie_Zilla,2023-02-05 23:07:19,12925,0.95
10v8m5j,nutritionvegan,2023-02-06 14:57:09,479,0.94
10vbt4z,lestermagneto,2023-02-06 17:04:29,321,0.98
10v3sax,ppldontread,2023-02-06 10:56:27,683,0.94
10v8bek,whimsicahellish,2023-02-06 14:44:49,347,0.91
10v8ty1,jonfla,2023-02-06 15:05:41,294,0.92
10ve1pq,flimspringfield,2023-02-06 18:29:03,135,0.97
10uulm0,cdnrtrt,2023-02-06 2:03:31,2446,0.92
10vcbik,BradBeauregardJ,2023-02-06 17:24:07,145,0.95
10vceha,e-r_bridge,2023-02-06 17:27:16,135,1
10v70xt,ReallyJustTheFacts,2023-02-06 13:48:02,228,0.95
10usp03,WouldbeWanderer,2023-02-06 0:38:49,2518,0.97
10v5ii8,jone_net,2023-02-06 12:34:04,270,0.93
10up9fi,IslandChillin,2023-02-05 22:16:24,3654,0.97
10vbvhq,lestermagneto,2023-02-06 17:06:58,107,0.83
10vabh9,VICENews,2023-02-06 16:05:58,125,0.94
10vcmfy,davster39,2023-02-06 17:35:40,89,0.86
10v8q2d,CCDemille,2023-02-06 15:01:07,141,0.83
10uy314,surfer_joe87,2023-02-06 4:57:25,865,0.95
10vbns3,VishyVCA,2023-02-06 16:59:02,84,0.96
10uj37m,Beckles28nz,2023-02-05 18:11:17,5742,0.96
10ult8c,UWCG,2023-02-05 19:59:31,3875,0.97
10v6vmo,HauntingJackfruit,2023-02-06 13:40:58,147,0.93
10usuqy,Rock-n-roll-Kevin,2023-02-06 0:45:51,1554,0.97
10uh1xo,foodude84,2023-02-05 16:50:02,7253,0.94
10unrt2,Huplescat22,2023-02-05 21:16:22,2759,0.97
10vaa38,HeinieKaboobler,2023-02-06 16:04:31,84,0.86
10vbk75,GreunLight,2023-02-06 16:55:04,69,0.93
10vckvk,davster39,2023-02-06 17:34:00,59,0.95
10v9paq,stankmanly,2023-02-06 15:41:38,77,0.95
10uc30t,Walaja,2023-02-05 13:09:19,17699,0.93
10vcrbh,CordAlex1996,2023-02-06 17:40:47,53,0.89
10uvgk3,tacutamon,2023-02-06 2:44:27,747,0.97
10uxp2g,dunimal,2023-02-06 4:36:21,507,0.91
10ve6mc,theindependentonline,2023-02-06 18:34:09,37,0.91
10v822w,lestermagneto,2023-02-06 14:33:43,79,0.9
10v51tf,BelleAriel,2023-02-06 12:09:53,118,0.92
10v8k76,SpeakUpOnClimate,2023-02-06 14:54:53,65,0.95
10vbzgb,Beckles28nz,2023-02-06 17:11:13,44,0.8
10vdg16,redditor01020,2023-02-06 18:06:27,34,0.91
10uw13f,Beckles28nz,2023-02-06 3:11:45,505,0.87
10va0o4,ONE-OF-THREE,2023-02-06 15:54:35,48,0.9
10ukfff,BlankVerse,2023-02-05 19:03:50,2153,0.98
10v6mze,HauntingJackfruit,2023-02-06 13:29:43,62,0.81
10uxr72,Any-Satisfaction-770,2023-02-06 4:39:39,319,0.97
10v68ym,thedailybeast,2023-02-06 13:10:51,65,0.9
10uysj6,nosotros_road_sodium,2023-02-06 5:35:51,255,0.93
10uo4dm,Rfunkpocket,2023-02-05 21:30:19,1044,0.93
10ujfy4,castella-1557,2023-02-05 18:25:17,1730,0.95
10vdpak,ScotTheDuck,2023-02-06 18:16:06,20,0.92
10uz1zb,RhythmMethodMan,2023-02-06 5:50:46,188,0.93
10vc7lv,thenewyorktimes,2023-02-06 17:19:52,25,0.84
10ufw2b,VengefulMight,2023-02-05 16:01:21,2338,0.96
10uoxjf,ladyem8,2023-02-05 22:02:51,721,0.97
10u9syz,justlogmeon,2023-02-05 10:47:53,5611,0.96
10urm62,pstbo,2023-02-05 23:53:44,470,0.86
10uh9i1,Politics_Knower,2023-02-05 16:58:51,1615,0.98
10ukce0,mclardass,2023-02-05 19:00:34,953,0.94
10um2ol,Beckles28nz,2023-02-05 20:09:40,752,0.98
10usglg,WouldbeWanderer,2023-02-06 0:28:44,332,0.98
10v4si7,e-r_bridge,2023-02-06 11:56:26,37,0.79
10va0og,Alan_Stamm,2023-02-06 15:54:36,17,0.7
10ugnkm,stankmanly,2023-02-05 16:33:13,1331,0.92
10uzws7,FragWall,2023-02-06 6:39:42,102,0.89
10upe5u,CapitalCourse,2023-02-05 22:21:35,423,0.95
10v04zh,not_medusa_snacks,2023-02-06 6:53:32,87,0.91
10v4y71,AndyJack86,2023-02-06 12:04:21,35,0.7
10v4wxj,UGMadness,2023-02-06 12:02:25,31,0.84
10u1xj6,chilchil777,2023-02-05 4:46:12,13298,0.97
10ui3rj,newzee1,2023-02-05 17:31:55,825,0.96
10uya7s,GoldenEyes88,2023-02-06 5:07:45,88,0.91
10ussy5,cogentat,2023-02-06 0:43:38,191,0.91
10vdz1a,marji80,2023-02-06 18:26:10,8,0.83
10ub80k,newnemo,2023-02-05 12:22:08,1767,0.95
10ug9mn,gradientz,2023-02-05 16:17:10,849,0.93
10un85z,KC_8580,2023-02-05 20:55:00,353,0.83
10upto4,Existential_aardvark,2023-02-05 22:39:10,245,0.9
10uq2ta,vpuetf,2023-02-05 22:49:22,219,0.88
10tx32j,newzee1,2023-02-05 1:17:34,24374,0.96
10ur0re,OregonTripleBeam,2023-02-05 23:28:54,187,0.98
10ujvlm,TrashScientist,2023-02-05 18:42:30,439,0.83
10uylua,progress18,2023-02-06 5:25:37,60,0.91
10uv4eq,N0T8g81n,2023-02-06 2:28:20,99,0.89
10uqavm,DissentingJay,2023-02-05 22:58:40,164,0.93
10ua7xh,mhlisc,2023-02-05 11:15:14,1429,0.98
10umpa2,elisart,2023-02-05 20:34:15,250,0.94
10u41kw,Pizasdf,2023-02-05 5:27:57,3959,0.97
10uc7rz,surfer_joe87,2023-02-05 13:16:07,906,0.95
10txl9c,danieljai,2023-02-05 1:41:32,9393,0.94
10uqrmf,do_you_even_ship_bro,2023-02-05 23:18:15,133,0.87
10ur10o,ElysiumSprouts,2023-02-05 23:29:11,123,0.79
10uftnz,Ozymandias_a,2023-02-05 15:58:58,433,0.92
10up5ct,RhythmMethodMan,2023-02-05 22:11:51,138,0.96
10uk04j,southpawFA,2023-02-05 18:47:33,227,0.96
10tz721,Beckles28nz,2023-02-05 2:59:57,4046,0.97
10udz3x,lestermagneto,2023-02-05 14:39:18,467,0.96
10ukqjp,IslandChillin,2023-02-05 19:16:06,194,0.98
10tzwu1,Hanginon,2023-02-05 3:35:57,3505,0.97
10uj5gf,mhlisc,2023-02-05 18:13:45,221,0.93
10ugvxg,Drinkie_Zilla,2023-02-05 16:42:52,287,0.96
10ueo46,ladyem8,2023-02-05 15:09:12,381,0.95
10uofjn,vman3241,2023-02-05 21:42:52,110,0.93
10upjt5,eastbayted,2023-02-05 22:28:05,92,0.88
10uf90l,lestermagneto,2023-02-05 15:34:09,326,0.93
10ul8v7,TexOliver93,2023-02-05 19:36:22,153,0.94
10udwmz,Politics_Knower,2023-02-05 14:36:07,373,0.96
10ugy16,EaglesPDX,2023-02-05 16:45:22,239,0.88
10u18ok,theoldgreenwalrus,2023-02-05 4:27:21,2270,0.98
10ujztd,ntlane2004,2023-02-05 18:47:11,133,0.95
10ud1xu,HauntingJackfruit,2023-02-05 13:57:32,323,0.94
10u9ij1,Walaja,2023-02-05 10:28:02,585,0.96
10u1d6j,ToffeeFever,2023-02-05 4:30:57,1572,0.98
10uqi56,Scarlettail,2023-02-05 23:07:00,47,0.84
10tmaj3,vpuetf,2023-02-04 17:42:24,13777,0.94
10u5ect,do_you_even_ship_bro,2023-02-05 6:01:36,972,0.95
10tkw6j,WouldbeWanderer,2023-02-04 16:47:03,26503,0.9
10vf4z4,newnemo,2023-02-06 19:10:56,1,1
10vf1q7,FnordFinder,2023-02-06 19:07:36,1,0.67
10tufsv,OregonTripleBeam,2023-02-04 23:18:32,3270,0.98
10txjj8,Person21323231213242,2023-02-05 1:39:08,2080,0.95
10uf3d7,s_y_s_t_e_m_i_c_,2023-02-05 15:27:26,167,0.92
10ucb06,Person21323231213242,2023-02-05 13:20:29,206,0.95
10tx7uf,Contoy,2023-02-05 1:23:47,1839,0.94
10uabkm,MrNewVegas2077,2023-02-05 11:22:11,246,0.95
10tr1ab,vpuetf,2023-02-04 20:55:24,3595,0.95
10ttgk8,Scarlettail,2023-02-04 22:36:38,2534,0.95
10tlteb,Huplescat22,2023-02-04 17:23:28,7156,0.99
10tpbv2,Beckles28nz,2023-02-04 19:45:40,4103,0.96
10tgpdm,trifecta,2023-02-04 13:43:05,16680,0.97
10ul3x9,Lakerlion,2023-02-05 19:30:45,45,0.63
10tpf7j,southpawFA,2023-02-04 19:49:27,3087,0.99
10tmgj8,ladyem8,2023-02-04 17:49:05,3581,0.98
10tq0v2,ZookeepergameWaste94,2023-02-04 20:13:21,2158,0.96
10tdwb2,Diguest22,2023-02-04 11:03:15,21011,0.92
10thgup,trump_on_acid,2023-02-04 14:19:43,5427,0.98
10tuc7u,TheFrederalGovt,2023-02-04 23:14:13,984,0.98
10tx99e,ladyem8,2023-02-05 1:25:38,658,0.97
10tlebq,4blockhead,2023-02-04 17:07:10,3067,0.95
10tv7wu,vpuetf,2023-02-04 23:52:53,696,0.93
10uahbz,UGMadness,2023-02-05 11:33:13,80,0.93
10tzftz,Scarlettail,2023-02-05 3:12:01,341,0.97
10uii6m,nolesfan2011,2023-02-05 17:47:53,25,0.65
10tg9ko,HauntingJackfruit,2023-02-04 13:20:53,3655,0.96
10u4m3m,ladyem8,2023-02-05 5:39:17,167,0.97
10tpf5m,OkRoll3915,2023-02-04 19:49:22,908,0.95
10tl010,LJ_909,2023-02-04 16:51:34,1490,0.97
10tldqp,Micro_Pinny_360,2023-02-04 17:06:30,1362,0.96
10thlk8,Any-Assignment6022,2023-02-04 14:25:57,2045,0.86
10vccao,zhumao,2023-02-06 17:24:57,0,0.43
10twt15,Scarlettail,2023-02-05 1:04:30,276,0.95
10ttz4o,KinkyBADom,2023-02-04 22:59:01,350,0.94
10ti3de,Teanaway99,2023-02-04 14:48:38,1453,0.97
10tpdcg,UWCG,2023-02-04 19:47:18,582,0.96
10tiwwr,UWCG,2023-02-04 15:23:44,1305,0.98
10tpqsv,CapitalCourse,2023-02-04 20:02:05,526,0.95
10tv3ni,nosotros_road_sodium,2023-02-04 23:47:39,250,0.95
10thyfr,NamelessIguana,2023-02-04 14:42:34,1337,0.96
10tm0fm,cdnrtrt,2023-02-04 17:31:14,747,0.92
10tiabp,everlovingkindness,2023-02-04 14:57:21,1092,0.95
10tok5f,Jeffreyxu0927,2023-02-04 19:13:03,495,0.98
10tlxht,johnnybiggles,2023-02-04 17:28:04,616,0.9
10tsqin,miaminaples,2023-02-04 22:06:07,265,0.92
10ts9cr,mrcanard,2023-02-04 21:46:46,276,0.94
10to7aq,marshall_project,2023-02-04 18:59:08,428,0.87
10u1sc4,sh0tgunben,2023-02-05 4:43:30,69,0.91
10tymi1,YourUncleBuck,2023-02-05 2:31:10,110,0.92
10tp29r,newnemo,2023-02-04 19:34:39,352,0.96
10ti49n,SpeakUpOnClimate,2023-02-04 14:49:48,823,0.98
10vclt1,cnbc_official,2023-02-06 17:35:02,0,0.24
10u1oz2,rockarolla78,2023-02-05 4:41:01,59,0.85
10tfrxh,HTownWanderer,2023-02-04 12:55:27,1023,0.98
10thg08,lestermagneto,2023-02-04 14:18:36,745,0.9
10u1u14,AceCombat9519,2023-02-05 4:44:22,56,0.83
10tkcsi,mrcanard,2023-02-04 16:24:09,472,0.96
10tm1a8,theguyjb,2023-02-04 17:32:11,381,0.96
10tu17f,Beckles28nz,2023-02-04 23:01:08,130,0.83
10tm8yf,ChocolateTsar,2023-02-04 17:40:43,345,0.91
10t5ace,bambin0,2023-02-04 4:46:44,3477,0.98
10vbc37,LJ_909,2023-02-06 16:46:07,0,0.35
10tmo4l,TheFrederalGovt,2023-02-04 17:57:32,299,0.98
10tn2bo,Slavic_Dusa,2023-02-04 18:12:59,267,0.92
10tv1pv,besselfunctions,2023-02-04 23:45:19,92,0.88
10tsy0c,wertqy,2023-02-04 22:14:53,121,0.81
10tvzwk,lestermagneto,2023-02-05 0:27:48,79,0.86
10tqyfn,SUPRVLLAN,2023-02-04 20:51:52,134,0.86
10u2in9,AceCombat9519,2023-02-05 4:57:39,33,0.78
10tihnj,Beckles28nz,2023-02-04 15:05:47,382,0.92
10tji31,lestermagneto,2023-02-04 15:48:56,311,0.94